geometry,WidthMeters,CountryCode
"LINESTRING (-70.6794583797455 19.4728131653108, -70.6793403625488 19.4731671949723)",14.61986086,DOM
"LINESTRING (-76.7701327800751 18.0239556782543, -76.770122051239 18.0245678177326)",11.34298662,JAM
"LINESTRING (-71.0837960243225 19.5587286141633, -71.0832917690277 19.5584455403608)",14.61213631,DOM
